firstname,lastname,company_name,email,phone,user_id,org_id
Michael,Davis,Davis Co.,michael.davis@example.com,111-222-3333,user_2eK5t9tDaNdk14GkhpR1xGHI0tV,org_2eSSx4D5VbpcB8lGtSggS5FGLs5
Samantha,Wilson,Wilson Enterprises,samantha.wilson@example.com,777-888-9999,user_2eK5t9tDaNdk14GkhpR1xGHI0tV,org_2eSSx4D5VbpcB8lGtSggS5FGLs5
David,Martinez,Martinez & Co.,david.martinez@example.com,333-666-9999,user_2eK5t9tDaNdk14GkhpR1xGHI0tV,org_2eSSx4D5VbpcB8lGtSggS5FGLs5
Olivia,Anderson,Anderson Corp.,olivia.anderson@example.com,123-456-7890,user_2eK5t9tDaNdk14GkhpR1xGHI0tV,org_2eSSx4D5VbpcB8lGtSggS5FGLs5
Matthew,Thomas,Thomas Ltd.,matthew.thomas@example.com,999-888-7777,user_2eK5t9tDaNdk14GkhpR1xGHI0tV,org_2eSSx4D5VbpcB8lGtSggS5FGLs5
Sophia,Garcia,Garcia Group,sophia.garcia@example.com,555-555-5555,user_2eK5t9tDaNdk14GkhpR1xGHI0tV,org_2eSSx4D5VbpcB8lGtSggS5FGLs5
William,Rodriguez,Rodriguez & Sons,william.rodriguez@example.com,111-222-3333,user_2eK5t9tDaNdk14GkhpR1xGHI0tV,org_2eSSx4D5VbpcB8lGtSggS5FGLs5
Isabella,Lopez,Lopez Enterprises,isabella.lopez@example.com,777-777-7777,user_2eK5t9tDaNdk14GkhpR1xGHI0tV,org_2eSSx4D5VbpcB8lGtSggS5FGLs5
Ethan,Hernandez,Hernandez Co.,ethan.hernandez@example.com,222-222-2222,user_2eK5t9tDaNdk14GkhpR1xGHI0tV,org_2eSSx4D5VbpcB8lGtSggS5FGLs5
Mia,Martinez,Martinez Corp.,mia.martinez@example.com,888-888-8888,user_2eK5t9tDaNdk14GkhpR1xGHI0tV,org_2eSSx4D5VbpcB8lGtSggS5FGLs5
James,Gonzalez,Gonzalez Group,james.gonzalez@example.com,333-333-3333,user_2eK5t9tDaNdk14GkhpR1xGHI0tV,org_2eSSx4D5VbpcB8lGtSggS5FGLs5
Charlotte,Wilson,Wilson Enterprises,charlotte.wilson@example.com,999-999-9999,user_2eK5t9tDaNdk14GkhpR1xGHI0tV,org_2eSSx4D5VbpcB8lGtSggS5FGLs5
Alexander,Anderson,Anderson Ltd.,alexander.anderson@example.com,555-555-5555,user_2eK5t9tDaNdk14GkhpR1xGHI0tV,org_2eSSx4D5VbpcB8lGtSggS5FGLs5
Amelia,Taylor,Taylor Inc.,amelia.taylor@example.com,111-111-1111,user_2eK5t9tDaNdk14GkhpR1xGHI0tV,org_2eSSx4D5VbpcB8lGtSggS5FGLs5
Benjamin,Thomas,Thomas Group,benjamin.thomas@example.com,666-666-6666,user_2eK5t9tDaNdk14GkhpR1xGHI0tV,org_2eSSx4D5VbpcB8lGtSggS5FGLs5
Ava,Moore,Moore Enterprises,ava.moore@example.com,222-222-2222,user_2eK5t9tDaNdk14GkhpR1xGHI0tV,org_2eSSx4D5VbpcB8lGtSggS5FGLs5
Logan,Jackson,Jackson Corp.,logan.jackson@example.com,777-777-7777,user_2eK5t9tDaNdk14GkhpR1xGHI0tV,org_2eSSx4D5VbpcB8lGtSggS5FGLs5
Harper,Miller,Miller Co.,harper.miller@example.com,333-333-3333,user_2eK5t9tDaNdk14GkhpR1xGHI0tV,org_2eSSx4D5VbpcB8lGtSggS5FGLs5
Liam,Brown,Brown Inc.,liam.brown@example.com,888-888-8888,user_2eK5t9tDaNdk14GkhpR1xGHI0tV,org_2eSSx4D5VbpcB8lGtSggS5FGLs5
Evelyn,Gonzalez,Gonzalez Ltd.,evelyn.gonzalez@example.com,444-444-4444,user_2eK5t9tDaNdk14GkhpR1xGHI0tV,org_2eSSx4D5VbpcB8lGtSggS5FGLs5
